%time,field.header.seq,field.header.stamp,field.header.frame_id,field.level,field.name,field.msg,field.file,field.function,field.line,field.topics0
1539766015449802578,1,1539766015425617062,,2,/record_1539766015386572158,Subscribing to rosout,/tmp/binarydeb/ros-kinetic-rosbag-1.12.14/src/recorder.cpp,shared_ptr<ros::Subscriber> rosbag::Recorder::subscribe,212,/rosout
1539766015451471264,2,1539766015451221282,,2,/record_1539766015386572158,Recording to 2018-10-17-08-46-55.bag.,/tmp/binarydeb/ros-kinetic-rosbag-1.12.14/src/recorder.cpp,Recorder::startWriting,396,/rosout
1539766015651845638,2,1539766015618546009,,2,/simple_drive,0.000187158584595,0,0,0.0,0.0,0.0,State.INIT,simple_drive.py,run,181,/switchs,/rosout,/cmd_vel,/lightsensors
1539766015719715684,3,1539766015719026088,,2,/simple_drive,0.100122928619,0,0,0.0,0.0,0.0,State.INIT,simple_drive.py,run,181,/switchs,/rosout,/cmd_vel,/lightsensors
1539766015819606173,4,1539766015818953037,,2,/simple_drive,0.0999720096588,0,0,0.0,0.0,0.0,State.INIT,simple_drive.py,run,181,/switchs,/rosout,/cmd_vel,/lightsensors
1539766015921162119,5,1539766015920059919,,2,/simple_drive,0.100167989731,0,0,0.0,0.0,0.0,State.INIT,simple_drive.py,run,181,/switchs,/rosout,/cmd_vel,/lightsensors
1539766016021823234,6,1539766016019977092,,2,/simple_drive,0.100046873093,0,0,0.0,0.0,0.0,State.INIT,simple_drive.py,run,181,/switchs,/rosout,/cmd_vel,/lightsensors
1539766016120916394,7,1539766016119832992,,2,/simple_drive,0.100065231323,0,0,0.0,0.0,0.0,State.INIT,simple_drive.py,run,181,/switchs,/rosout,/cmd_vel,/lightsensors
1539766016222653174,8,1539766016220174074,,2,/simple_drive,0.0999479293823,0,0,0.0,0.0,0.0,State.INIT,simple_drive.py,run,181,/switchs,/rosout,/cmd_vel,/lightsensors
1539766016321094399,9,1539766016320090055,,2,/simple_drive,0.0999858379364,0,0,0.0,0.0,0.0,State.INIT,simple_drive.py,run,181,/switchs,/rosout,/cmd_vel,/lightsensors
1539766016421169106,10,1539766016419931888,,2,/simple_drive,0.100000143051,0,0,0.0,0.0,0.0,State.INIT,simple_drive.py,run,181,/switchs,/rosout,/cmd_vel,/lightsensors
1539766016521358961,11,1539766016519762039,,2,/simple_drive,0.0999910831451,0,0,0.0,0.0,0.0,State.INIT,simple_drive.py,run,181,/switchs,/rosout,/cmd_vel,/lightsensors
1539766016621088847,12,1539766016620044946,,2,/simple_drive,0.100004911423,57,57,0.0200009822845,0.0,0.0,State.LINEAR1,simple_drive.py,run,181,/switchs,/rosout,/cmd_vel,/lightsensors
1539766016722172912,13,1539766016720041036,,2,/simple_drive,0.100025892258,114,114,0.0400061607361,0.0,0.0,State.LINEAR1,simple_drive.py,run,181,/switchs,/rosout,/cmd_vel,/lightsensors
1539766016821815356,14,1539766016820094108,,2,/simple_drive,0.100043058395,171,171,0.0600147724152,0.0,0.0,State.LINEAR1,simple_drive.py,run,181,/switchs,/rosout,/cmd_vel,/lightsensors
1539766016921193288,15,1539766016919776916,,2,/simple_drive,0.100004911423,228,228,0.0800157546997,0.0,0.0,State.LINEAR1,simple_drive.py,run,181,/switchs,/rosout,/cmd_vel,/lightsensors
1539766017021123945,16,1539766017020040988,,2,/simple_drive,0.0999360084534,285,285,0.10000295639,0.0,0.0,State.LINEAR1,simple_drive.py,run,181,/switchs,/rosout,/cmd_vel,/lightsensors
1539766017121677693,17,1539766017120029926,,2,/simple_drive,0.099986076355,342,342,0.120000171661,0.0,0.0,State.LINEAR1,simple_drive.py,run,181,/switchs,/rosout,/cmd_vel,/lightsensors
1539766017221121205,18,1539766017220072984,,2,/simple_drive,0.100055932999,399,399,0.140011358261,0.0,0.0,State.LINEAR1,simple_drive.py,run,181,/switchs,/rosout,/cmd_vel,/lightsensors
1539766017322002795,19,1539766017320035934,,2,/simple_drive,0.100008010864,456,456,0.160012960434,0.0,0.0,State.LINEAR1,simple_drive.py,run,181,/switchs,/rosout,/cmd_vel,/lightsensors
1539766017421371521,20,1539766017420324087,,2,/simple_drive,0.100045204163,513,513,0.180022001266,0.0,0.0,State.LINEAR1,simple_drive.py,run,181,/switchs,/rosout,/cmd_vel,/lightsensors
1539766017521486081,21,1539766017520227909,,2,/simple_drive,0.0999789237976,570,570,0.200017786026,0.0,0.0,State.LINEAR1,simple_drive.py,run,181,/switchs,/rosout,/cmd_vel,/lightsensors
1539766017621100779,22,1539766017620085954,,2,/simple_drive,0.0999648571014,627,627,0.220010757446,0.0,0.0,State.LINEAR1,simple_drive.py,run,181,/switchs,/rosout,/cmd_vel,/lightsensors
1539766017721049569,23,1539766017720041990,,2,/simple_drive,0.0999979972839,684,684,0.240010356903,0.0,0.0,State.LINEAR1,simple_drive.py,run,181,/switchs,/rosout,/cmd_vel,/lightsensors
1539766017821820125,24,1539766017820019960,,2,/simple_drive,0.0999720096588,741,741,0.260004758835,0.0,0.0,State.LINEAR1,simple_drive.py,run,181,/switchs,/rosout,/cmd_vel,/lightsensors
1539766017922160659,25,1539766017920614004,,2,/simple_drive,0.0999910831451,798,798,0.280002975464,0.0,0.0,State.LINEAR1,simple_drive.py,run,181,/switchs,/rosout,/cmd_vel,/lightsensors
1539766018021743643,26,1539766018020066976,,2,/simple_drive,0.100035905838,855,855,0.300010156631,0.0,0.0,State.LINEAR1,simple_drive.py,run,181,/switchs,/rosout,/cmd_vel,/lightsensors
1539766018121734942,27,1539766018120143890,,2,/simple_drive,0.100037097931,912,912,0.320017576218,0.0,0.0,State.LINEAR1,simple_drive.py,run,181,/switchs,/rosout,/cmd_vel,/lightsensors
1539766018221182893,28,1539766018220172882,,2,/simple_drive,0.100013017654,969,969,0.340020179749,0.0,0.0,State.LINEAR1,simple_drive.py,run,181,/switchs,/rosout,/cmd_vel,/lightsensors
1539766018321746548,29,1539766018320027112,,2,/simple_drive,0.0999450683594,1026,1026,0.36000919342,0.0,0.0,State.LINEAR1,simple_drive.py,run,181,/switchs,/rosout,/cmd_vel,/lightsensors
1539766018421797791,30,1539766018420041084,,2,/simple_drive,0.100041866302,1083,1083,0.380017566681,0.0,0.0,State.LINEAR1,simple_drive.py,run,181,/switchs,/rosout,/cmd_vel,/lightsensors
1539766018521082263,31,1539766018520001888,,2,/simple_drive,0.100003957748,1140,1140,0.400018358231,0.0,0.0,State.LINEAR1,simple_drive.py,run,181,/switchs,/rosout,/cmd_vel,/lightsensors
1539766018622488361,32,1539766018619995117,,2,/simple_drive,0.0999450683594,1115,1165,0.400018358231,0.0,0.199890136719,State.TURN1,simple_drive.py,run,181,/switchs,/rosout,/cmd_vel,/lightsensors
1539766018721381871,33,1539766018720176935,,2,/simple_drive,0.100038051605,1090,1190,0.400018358231,0.0,0.399966239929,State.TURN1,simple_drive.py,run,181,/switchs,/rosout,/cmd_vel,/lightsensors
1539766018821190422,34,1539766018819956064,,2,/simple_drive,0.099958896637,1065,1215,0.400018358231,0.0,0.599884033203,State.TURN1,simple_drive.py,run,181,/switchs,/rosout,/cmd_vel,/lightsensors
1539766018921305514,35,1539766018920193910,,2,/simple_drive,0.100006103516,1040,1240,0.400018358231,0.0,0.799896240234,State.TURN1,simple_drive.py,run,181,/switchs,/rosout,/cmd_vel,/lightsensors
1539766019021184011,36,1539766019020215988,,2,/simple_drive,0.100041866302,1015,1265,0.400018358231,0.0,0.999979972839,State.TURN1,simple_drive.py,run,181,/switchs,/rosout,/cmd_vel,/lightsensors
1539766019121884127,37,1539766019119878053,,2,/simple_drive,0.0999441146851,990,1290,0.400018358231,0.0,1.19986820221,State.TURN1,simple_drive.py,run,181,/switchs,/rosout,/cmd_vel,/lightsensors
1539766019221260741,38,1539766019220252037,,2,/simple_drive,0.100274085999,964,1316,0.400018358231,0.0,1.40041637421,State.TURN1,simple_drive.py,run,181,/switchs,/rosout,/cmd_vel,/lightsensors
1539766019321697490,39,1539766019319930076,,2,/simple_drive,0.0997428894043,939,1341,0.400018358231,0.0,1.59990215302,State.TURN1,simple_drive.py,run,181,/switchs,/rosout,/cmd_vel,/lightsensors
1539766019421663594,40,1539766019420007944,,2,/simple_drive,0.0999879837036,996,1398,0.399436393832,0.0199891268654,1.59990215302,State.LINEAR2,simple_drive.py,run,181,/switchs,/rosout,/cmd_vel,/lightsensors
1539766019521146919,41,1539766019519932985,,2,/simple_drive,0.100044965744,1053,1455,0.398854097778,0.0399896453121,1.59990215302,State.LINEAR2,simple_drive.py,run,181,/switchs,/rosout,/cmd_vel,/lightsensors
1539766019621589032,42,1539766019620018005,,2,/simple_drive,0.0999810695648,1110,1512,0.398272173621,0.0599773899355,1.59990215302,State.LINEAR2,simple_drive.py,run,181,/switchs,/rosout,/cmd_vel,/lightsensors
1539766019721444363,43,1539766019720379114,,2,/simple_drive,0.100003957748,1167,1569,0.397690116248,0.0799697102567,1.59990215302,State.LINEAR2,simple_drive.py,run,181,/switchs,/rosout,/cmd_vel,/lightsensors
1539766019821247718,44,1539766019819931030,,2,/simple_drive,0.100023031235,1224,1626,0.39710794786,0.0999658436596,1.59990215302,State.LINEAR2,simple_drive.py,run,181,/switchs,/rosout,/cmd_vel,/lightsensors
1539766019921097007,45,1539766019920092105,,2,/simple_drive,0.0999751091003,1281,1683,0.396526058396,0.119952396695,1.59990215302,State.LINEAR2,simple_drive.py,run,181,/switchs,/rosout,/cmd_vel,/lightsensors
1539766020021128994,46,1539766020019985914,,2,/simple_drive,0.0999867916107,1338,1740,0.395944100935,0.139941285243,1.59990215302,State.LINEAR2,simple_drive.py,run,181,/switchs,/rosout,/cmd_vel,/lightsensors
1539766020121700381,47,1539766020119973897,,2,/simple_drive,0.100019216537,1395,1797,0.39536195475,0.159936656029,1.59990215302,State.LINEAR2,simple_drive.py,run,181,/switchs,/rosout,/cmd_vel,/lightsensors
1539766020221688162,48,1539766020219978094,,2,/simple_drive,0.0999689102173,1452,1854,0.394780101366,0.179921969813,1.59990215302,State.LINEAR2,simple_drive.py,run,181,/switchs,/rosout,/cmd_vel,/lightsensors
1539766020321095515,49,1539766020319941043,,2,/simple_drive,0.100056886673,1509,1911,0.394197735928,0.199924871436,1.59990215302,State.LINEAR2,simple_drive.py,run,181,/switchs,/rosout,/cmd_vel,/lightsensors
1539766020421825537,50,1539766020420247077,,2,/simple_drive,0.0999879837036,1566,1968,0.393615771529,0.219913998301,1.59990215302,State.LINEAR2,simple_drive.py,run,181,/switchs,/rosout,/cmd_vel,/lightsensors
1539766020521591407,51,1539766020520474910,,2,/simple_drive,0.0999851226807,1623,2025,0.393033823782,0.239902553204,1.59990215302,State.LINEAR2,simple_drive.py,run,181,/switchs,/rosout,/cmd_vel,/lightsensors
1539766020621061724,52,1539766020620003938,,2,/simple_drive,0.100008964539,1680,2082,0.392451737267,0.25989587446,1.59990215302,State.LINEAR2,simple_drive.py,run,181,/switchs,/rosout,/cmd_vel,/lightsensors
1539766020721507807,53,1539766020719939947,,2,/simple_drive,0.0999879837036,1737,2139,0.391869772868,0.279885001325,1.59990215302,State.LINEAR2,simple_drive.py,run,181,/switchs,/rosout,/cmd_vel,/lightsensors
1539766020822587336,54,1539766020820075988,,2,/simple_drive,0.100021123886,1794,2196,0.391287615582,0.29988075342,1.59990215302,State.LINEAR2,simple_drive.py,run,181,/switchs,/rosout,/cmd_vel,/lightsensors
1539766020921068294,55,1539766020920063018,,2,/simple_drive,0.0999989509583,1851,2253,0.39070558735,0.319872072807,1.59990215302,State.LINEAR2,simple_drive.py,run,181,/switchs,/rosout,/cmd_vel,/lightsensors
1539766021022390570,56,1539766021020090103,,2,/simple_drive,0.0999660491943,1908,2310,0.390123750617,0.339856814629,1.59990215302,State.LINEAR2,simple_drive.py,run,181,/switchs,/rosout,/cmd_vel,/lightsensors
1539766021121369369,57,1539766021120317935,,2,/simple_drive,0.100009918213,1965,2367,0.389541658552,0.359850326538,1.59990215302,State.LINEAR2,simple_drive.py,run,181,/switchs,/rosout,/cmd_vel,/lightsensors
1539766021221585376,58,1539766021220077037,,2,/simple_drive,0.0999939441681,2022,2424,0.388959659461,0.379840644991,1.59990215302,State.LINEAR2,simple_drive.py,run,181,/switchs,/rosout,/cmd_vel,/lightsensors
1539766021321233193,59,1539766021320038080,,2,/simple_drive,0.100054979324,2079,2481,0.388377305124,0.399843165306,1.59990215302,State.LINEAR2,simple_drive.py,run,181,/switchs,/rosout,/cmd_vel,/lightsensors
1539766021421263744,60,1539766021419972896,,2,/simple_drive,0.0999510288239,2104,2456,0.388377305124,0.399843165306,1.40000009537,State.TURN2,simple_drive.py,run,181,/switchs,/rosout,/cmd_vel,/lightsensors
1539766021521922585,61,1539766021520112991,,2,/simple_drive,0.100000143051,2129,2431,0.388377305124,0.399843165306,1.19999980927,State.TURN2,simple_drive.py,run,181,/switchs,/rosout,/cmd_vel,/lightsensors
1539766021621679509,62,1539766021620069980,,2,/simple_drive,0.10004901886,2154,2406,0.388377305124,0.399843165306,0.999901771545,State.TURN2,simple_drive.py,run,181,/switchs,/rosout,/cmd_vel,/lightsensors
1539766021722603957,63,1539766021719871997,,2,/simple_drive,0.0999839305878,2179,2381,0.388377305124,0.399843165306,0.79993391037,State.TURN2,simple_drive.py,run,181,/switchs,/rosout,/cmd_vel,/lightsensors
1539766021821122684,64,1539766021820131063,,2,/simple_drive,0.10000705719,2204,2356,0.388377305124,0.399843165306,0.59991979599,State.TURN2,simple_drive.py,run,181,/switchs,/rosout,/cmd_vel,/lightsensors
1539766021921642784,65,1539766021920170068,,2,/simple_drive,0.100020885468,2229,2331,0.388377305124,0.399843165306,0.399878025055,State.TURN2,simple_drive.py,run,181,/switchs,/rosout,/cmd_vel,/lightsensors
1539766022021558866,66,1539766022020159006,,2,/simple_drive,0.0999510288239,2254,2306,0.388377305124,0.399843165306,0.199975967407,State.TURN2,simple_drive.py,run,181,/switchs,/rosout,/cmd_vel,/lightsensors
1539766022121536672,67,1539766022119786977,,2,/simple_drive,0.0999798774719,2279,2281,0.388377305124,0.399843165306,1.62124633789e-05,State.TURN2,simple_drive.py,run,181,/switchs,/rosout,/cmd_vel,/lightsensors
1539766022221785136,68,1539766022220020055,,2,/simple_drive,0.10005402565,2336,2338,0.408388110252,0.39984348973,1.62124633789e-05,State.LINEAR3,simple_drive.py,run,181,/switchs,/rosout,/cmd_vel,/lightsensors
1539766022322312019,69,1539766022319915056,,2,/simple_drive,0.0999591350555,2393,2395,0.42837993726,0.399843813847,1.62124633789e-05,State.LINEAR3,simple_drive.py,run,181,/switchs,/rosout,/cmd_vel,/lightsensors
1539766022420913565,70,1539766022419858932,,2,/simple_drive,0.100056886673,2450,2452,0.448391314592,0.399844138281,1.62124633789e-05,State.LINEAR3,simple_drive.py,run,181,/switchs,/rosout,/cmd_vel,/lightsensors
1539766022521002613,71,1539766022519906997,,2,/simple_drive,0.10000705719,2507,2509,0.468392726027,0.399844462553,1.62124633789e-05,State.LINEAR3,simple_drive.py,run,181,/switchs,/rosout,/cmd_vel,/lightsensors
1539766022621778698,72,1539766022619955062,,2,/simple_drive,0.0999500751495,2564,2566,0.488382741055,0.39984478664,1.62124633789e-05,State.LINEAR3,simple_drive.py,run,181,/switchs,/rosout,/cmd_vel,/lightsensors
1539766022721297525,73,1539766022720180034,,2,/simple_drive,0.100034952164,2621,2623,0.508389731485,0.399845111003,1.62124633789e-05,State.LINEAR3,simple_drive.py,run,181,/switchs,/rosout,/cmd_vel,/lightsensors
1539766022822130845,74,1539766022820159912,,2,/simple_drive,0.0999639034271,2678,2680,0.528382512168,0.399845435135,1.62124633789e-05,State.LINEAR3,simple_drive.py,run,181,/switchs,/rosout,/cmd_vel,/lightsensors
1539766022921600457,75,1539766022919799089,,2,/simple_drive,0.099995136261,2735,2737,0.548381539417,0.399845759369,1.62124633789e-05,State.LINEAR3,simple_drive.py,run,181,/switchs,/rosout,/cmd_vel,/lightsensors
1539766023021365675,76,1539766023019784927,,2,/simple_drive,0.0999989509583,2792,2794,0.568381329606,0.399846083615,1.62124633789e-05,State.LINEAR3,simple_drive.py,run,181,/switchs,/rosout,/cmd_vel,/lightsensors
1539766023121745496,77,1539766023119841098,,2,/simple_drive,0.0999929904938,2849,2851,0.588379927702,0.399846407841,1.62124633789e-05,State.LINEAR3,simple_drive.py,run,181,/switchs,/rosout,/cmd_vel,/lightsensors
1539766023221099607,78,1539766023220046997,,2,/simple_drive,0.0999970436096,2906,2908,0.608379336422,0.399846732081,1.62124633789e-05,State.LINEAR3,simple_drive.py,run,181,/switchs,/rosout,/cmd_vel,/lightsensors
1539766023320902020,79,1539766023319828987,,2,/simple_drive,0.100044965744,2963,2965,0.628388329568,0.399847056476,1.62124633789e-05,State.LINEAR3,simple_drive.py,run,181,/switchs,/rosout,/cmd_vel,/lightsensors
1539766023421119352,80,1539766023420106887,,2,/simple_drive,0.099986076355,3020,3022,0.648385544836,0.39984738068,1.62124633789e-05,State.LINEAR3,simple_drive.py,run,181,/switchs,/rosout,/cmd_vel,/lightsensors
1539766023521867170,81,1539766023519998073,,2,/simple_drive,0.0999789237976,3077,3079,0.668381329593,0.399847704861,1.62124633789e-05,State.LINEAR3,simple_drive.py,run,181,/switchs,/rosout,/cmd_vel,/lightsensors
1539766023621203416,82,1539766023620116949,,2,/simple_drive,0.100038051605,3134,3136,0.688388939911,0.399848029234,1.62124633789e-05,State.LINEAR3,simple_drive.py,run,181,/switchs,/rosout,/cmd_vel,/lightsensors
1539766023722064247,83,1539766023720010995,,2,/simple_drive,0.0999789237976,3191,3193,0.708384724668,0.399848353414,1.62124633789e-05,State.LINEAR3,simple_drive.py,run,181,/switchs,/rosout,/cmd_vel,/lightsensors
1539766023821671933,84,1539766023819905996,,2,/simple_drive,0.100059986115,3248,3250,0.728396721889,0.399848677858,1.62124633789e-05,State.LINEAR3,simple_drive.py,run,181,/switchs,/rosout,/cmd_vel,/lightsensors
1539766023921230821,85,1539766023919996976,,2,/simple_drive,0.0999400615692,3305,3307,0.7483847342,0.399849001913,1.62124633789e-05,State.LINEAR3,simple_drive.py,run,181,/switchs,/rosout,/cmd_vel,/lightsensors
1539766024022197324,86,1539766024020030975,,2,/simple_drive,0.0999879837036,3362,3364,0.768382330938,0.399849326123,1.62124633789e-05,State.LINEAR3,simple_drive.py,run,181,/switchs,/rosout,/cmd_vel,/lightsensors
1539766024121153452,87,1539766024120157957,,2,/simple_drive,0.100040912628,3419,3421,0.788390513461,0.399849650505,1.62124633789e-05,State.LINEAR3,simple_drive.py,run,181,/switchs,/rosout,/cmd_vel,/lightsensors
1539766024222138401,88,1539766024219989061,,2,/simple_drive,0.100015163422,3444,3396,0.788390513461,0.399849650505,-0.20001411438,State.TURN3,simple_drive.py,run,181,/switchs,/rosout,/cmd_vel,/lightsensors
1539766024321215406,89,1539766024320192098,,2,/simple_drive,0.0999917984009,3469,3371,0.788390513461,0.399849650505,-0.399997711182,State.TURN3,simple_drive.py,run,181,/switchs,/rosout,/cmd_vel,/lightsensors
1539766024421901000,90,1539766024419920921,,2,/simple_drive,0.0999350547791,3494,3346,0.788390513461,0.399849650505,-0.59986782074,State.TURN3,simple_drive.py,run,181,/switchs,/rosout,/cmd_vel,/lightsensors
1539766024522533681,91,1539766024520047903,,2,/simple_drive,0.100084066391,3519,3321,0.788390513461,0.399849650505,-0.800035953522,State.TURN3,simple_drive.py,run,181,/switchs,/rosout,/cmd_vel,/lightsensors
1539766024621187069,92,1539766024619987010,,2,/simple_drive,0.099956035614,3544,3296,0.788390513461,0.399849650505,-0.99994802475,State.TURN3,simple_drive.py,run,181,/switchs,/rosout,/cmd_vel,/lightsensors
1539766024722628445,93,1539766024720144033,,2,/simple_drive,0.0999839305878,3569,3271,0.788390513461,0.399849650505,-1.19991588593,State.TURN3,simple_drive.py,run,181,/switchs,/rosout,/cmd_vel,/lightsensors
1539766024822149587,94,1539766024820178031,,2,/simple_drive,0.100042104721,3594,3246,0.788390513461,0.399849650505,-1.40000009537,State.TURN3,simple_drive.py,run,181,/switchs,/rosout,/cmd_vel,/lightsensors
1539766024921389706,95,1539766024920166969,,2,/simple_drive,0.100003004074,3619,3221,0.788390513461,0.399849650505,-1.60000610352,State.TURN3,simple_drive.py,run,181,/switchs,/rosout,/cmd_vel,/lightsensors
1539766025022629692,96,1539766025020216941,,2,/simple_drive,0.100050926208,3676,3278,0.78780610353,0.379848001112,-1.60000610352,State.LINEAR4,simple_drive.py,run,181,/switchs,/rosout,/cmd_vel,/lightsensors
1539766025121087897,97,1539766025120031118,,2,/simple_drive,0.0999579429626,3733,3335,0.787222236726,0.359864940436,-1.60000610352,State.LINEAR4,simple_drive.py,run,181,/switchs,/rosout,/cmd_vel,/lightsensors
1539766025221895213,98,1539766025220207929,,2,/simple_drive,0.0999970436096,3790,3392,0.786638141531,0.339874062965,-1.60000610352,State.LINEAR4,simple_drive.py,run,181,/switchs,/rosout,/cmd_vel,/lightsensors
1539766025321394754,99,1539766025320214986,,2,/simple_drive,0.100023984909,3847,3449,0.786053888968,0.319877799534,-1.60000610352,State.LINEAR4,simple_drive.py,run,181,/switchs,/rosout,/cmd_vel,/lightsensors
1539766025421520918,100,1539766025420430898,,2,/simple_drive,0.0999391078949,3904,3506,0.785470132182,0.299898504264,-1.60000610352,State.LINEAR4,simple_drive.py,run,181,/switchs,/rosout,/cmd_vel,/lightsensors
1539766025521893316,101,1539766025520020961,,2,/simple_drive,0.0999958515167,3961,3563,0.784886043949,0.27990786511,-1.60000610352,State.LINEAR4,simple_drive.py,run,181,/switchs,/rosout,/cmd_vel,/lightsensors
1539766025621252398,102,1539766025620121002,,2,/simple_drive,0.100031137466,4018,3620,0.784301749607,0.259910171778,-1.60000610352,State.LINEAR4,simple_drive.py,run,181,/switchs,/rosout,/cmd_vel,/lightsensors
1539766025721085561,103,1539766025719928979,,2,/simple_drive,0.0999739170074,4075,3677,0.783717789497,0.239923917655,-1.60000610352,State.LINEAR4,simple_drive.py,run,181,/switchs,/rosout,/cmd_vel,/lightsensors
1539766025821714192,104,1539766025819844007,,2,/simple_drive,0.100047111511,4132,3734,0.783133401848,0.219923030876,-1.60000610352,State.LINEAR4,simple_drive.py,run,181,/switchs,/rosout,/cmd_vel,/lightsensors
1539766025921888739,105,1539766025920221090,,2,/simple_drive,0.0999519824982,4189,3791,0.78254956986,0.199941161784,-1.60000610352,State.LINEAR4,simple_drive.py,run,181,/switchs,/rosout,/cmd_vel,/lightsensors
1539766026021448746,106,1539766026020329952,,2,/simple_drive,0.100036859512,4246,3848,0.781965242095,0.17994232453,-1.60000610352,State.LINEAR4,simple_drive.py,run,181,/switchs,/rosout,/cmd_vel,/lightsensors
1539766026121468888,107,1539766026120393037,,2,/simple_drive,0.1000020504,4303,3905,0.781381117654,0.159950446129,-1.60000610352,State.LINEAR4,simple_drive.py,run,181,/switchs,/rosout,/cmd_vel,/lightsensors
1539766026221778125,108,1539766026220021963,,2,/simple_drive,0.0999488830566,4360,3962,0.78079730377,0.13996919666,-1.60000610352,State.LINEAR4,simple_drive.py,run,181,/switchs,/rosout,/cmd_vel,/lightsensors
1539766026321768060,109,1539766026320097923,,2,/simple_drive,0.100069999695,4417,4019,0.780212782429,0.119963734197,-1.60000610352,State.LINEAR4,simple_drive.py,run,181,/switchs,/rosout,/cmd_vel,/lightsensors
1539766026421496920,110,1539766026419763088,,2,/simple_drive,0.0999290943146,4474,4076,0.779629084134,0.0999864407888,-1.60000610352,State.LINEAR4,simple_drive.py,run,181,/switchs,/rosout,/cmd_vel,/lightsensors
1539766026521882662,111,1539766026520138978,,2,/simple_drive,0.100032091141,4531,4133,0.779044784221,0.0799885568025,-1.60000610352,State.LINEAR4,simple_drive.py,run,181,/switchs,/rosout,/cmd_vel,/lightsensors
1539766026621370757,112,1539766026619790077,,2,/simple_drive,0.0999689102173,4588,4190,0.778460853356,0.0600033036105,-1.60000610352,State.LINEAR4,simple_drive.py,run,181,/switchs,/rosout,/cmd_vel,/lightsensors
1539766026721035350,113,1539766026719882965,,2,/simple_drive,0.100069046021,4645,4247,0.777876337586,0.039998031801,-1.60000610352,State.LINEAR4,simple_drive.py,run,181,/switchs,/rosout,/cmd_vel,/lightsensors
1539766026821448747,114,1539766026820336103,,2,/simple_drive,0.0999128818512,4702,4304,0.777292733989,0.0200239795022,-1.60000610352,State.LINEAR4,simple_drive.py,run,181,/switchs,/rosout,/cmd_vel,/lightsensors
1539766026921269631,115,1539766026919931888,,2,/simple_drive,0.0999901294708,4759,4361,0.77670867918,3.44842699032e-05,-1.60000610352,State.LINEAR4,simple_drive.py,run,181,/switchs,/rosout,/cmd_vel,/lightsensors
1539766027021182230,116,1539766027020097017,,2,/simple_drive,0.100035905838,4734,4386,0.77670867918,3.44842699032e-05,-1.39993429184,State.TURN4,simple_drive.py,run,181,/switchs,/rosout,/cmd_vel,/lightsensors
1539766027121622199,117,1539766027120064973,,2,/simple_drive,0.100018978119,4709,4411,0.77670867918,3.44842699032e-05,-1.1998963356,State.TURN4,simple_drive.py,run,181,/switchs,/rosout,/cmd_vel,/lightsensors
1539766027222236584,118,1539766027220102071,,2,/simple_drive,0.100026130676,4684,4436,0.77670867918,3.44842699032e-05,-0.999844074249,State.TURN4,simple_drive.py,run,181,/switchs,/rosout,/cmd_vel,/lightsensors
1539766027321539338,119,1539766027320156097,,2,/simple_drive,0.100018024445,4659,4461,0.77670867918,3.44842699032e-05,-0.79980802536,State.TURN4,simple_drive.py,run,181,/switchs,/rosout,/cmd_vel,/lightsensors
1539766027421373306,120,1539766027420069932,,2,/simple_drive,0.0999529361725,4634,4486,0.77670867918,3.44842699032e-05,-0.599902153015,State.TURN4,simple_drive.py,run,181,/switchs,/rosout,/cmd_vel,/lightsensors
1539766027522049666,121,1539766027519849061,,2,/simple_drive,0.0999639034271,4609,4511,0.77670867918,3.44842699032e-05,-0.399974346161,State.TURN4,simple_drive.py,run,181,/switchs,/rosout,/cmd_vel,/lightsensors
1539766027622130909,122,1539766027620146989,,2,/simple_drive,0.100107192993,4584,4536,0.77670867918,3.44842699032e-05,-0.199759960175,State.TURN4,simple_drive.py,run,181,/switchs,/rosout,/cmd_vel,/lightsensors
1539766027721195503,123,1539766027720009088,,2,/simple_drive,0.0999708175659,4559,4561,0.77670867918,3.44842699032e-05,0.000181674957275,State.TURN4,simple_drive.py,run,181,/switchs,/rosout,/cmd_vel,/lightsensors
1539766027821488815,124,1539766027820395946,,2,/simple_drive,0.100008964539,4559,4561,0.77670867918,3.44842699032e-05,0.000181674957275,State.STOP,simple_drive.py,run,181,/switchs,/rosout,/cmd_vel,/lightsensors
1539766027921756296,125,1539766027920098066,,2,/simple_drive,0.0999510288239,4559,4561,0.77670867918,3.44842699032e-05,0.000181674957275,State.STOP,simple_drive.py,run,181,/switchs,/rosout,/cmd_vel,/lightsensors
1539766028021470534,126,1539766028020010948,,2,/simple_drive,0.1000020504,4559,4561,0.77670867918,3.44842699032e-05,0.000181674957275,State.STOP,simple_drive.py,run,181,/switchs,/rosout,/cmd_vel,/lightsensors
1539766028121332169,127,1539766028120043992,,2,/simple_drive,0.100013017654,4559,4561,0.77670867918,3.44842699032e-05,0.000181674957275,State.STOP,simple_drive.py,run,181,/switchs,/rosout,/cmd_vel,/lightsensors
1539766028221960939,128,1539766028219976902,,2,/simple_drive,0.0999701023102,4559,4561,0.77670867918,3.44842699032e-05,0.000181674957275,State.STOP,simple_drive.py,run,181,/switchs,/rosout,/cmd_vel,/lightsensors
1539766028321234541,129,1539766028320112943,,2,/simple_drive,0.100096940994,4559,4561,0.77670867918,3.44842699032e-05,0.000181674957275,State.STOP,simple_drive.py,run,181,/switchs,/rosout,/cmd_vel,/lightsensors
1539766028422529203,130,1539766028420186996,,2,/simple_drive,0.0999109745026,4559,4561,0.77670867918,3.44842699032e-05,0.000181674957275,State.STOP,simple_drive.py,run,181,/switchs,/rosout,/cmd_vel,/lightsensors
1539766028521110820,131,1539766028519985914,,2,/simple_drive,0.100006103516,4559,4561,0.77670867918,3.44842699032e-05,0.000181674957275,State.STOP,simple_drive.py,run,181,/switchs,/rosout,/cmd_vel,/lightsensors
1539766028621320921,132,1539766028620054006,,2,/simple_drive,0.100017786026,4559,4561,0.77670867918,3.44842699032e-05,0.000181674957275,State.STOP,simple_drive.py,run,181,/switchs,/rosout,/cmd_vel,/lightsensors
1539766028722065517,133,1539766028719805002,,2,/simple_drive,0.0999681949615,4559,4561,0.77670867918,3.44842699032e-05,0.000181674957275,State.STOP,simple_drive.py,run,181,/switchs,/rosout,/cmd_vel,/lightsensors
1539766028822592836,134,1539766028819885969,,2,/simple_drive,0.100022792816,4559,4561,0.77670867918,3.44842699032e-05,0.000181674957275,State.STOP,simple_drive.py,run,181,/switchs,/rosout,/cmd_vel,/lightsensors
1539766028921876593,135,1539766028920157909,,2,/simple_drive,0.100013017654,4559,4561,0.77670867918,3.44842699032e-05,0.000181674957275,State.STOP,simple_drive.py,run,181,/switchs,/rosout,/cmd_vel,/lightsensors
1539766029022667854,136,1539766029020004987,,2,/simple_drive,0.0999851226807,4559,4561,0.77670867918,3.44842699032e-05,0.000181674957275,State.STOP,simple_drive.py,run,181,/switchs,/rosout,/cmd_vel,/lightsensors
1539766029121262763,137,1539766029119824886,,2,/simple_drive,0.100038051605,4559,4561,0.77670867918,3.44842699032e-05,0.000181674957275,State.STOP,simple_drive.py,run,181,/switchs,/rosout,/cmd_vel,/lightsensors
1539766029221302574,138,1539766029220136880,,2,/simple_drive,0.0999789237976,4559,4561,0.77670867918,3.44842699032e-05,0.000181674957275,State.STOP,simple_drive.py,run,181,/switchs,/rosout,/cmd_vel,/lightsensors
1539766029321080841,139,1539766029320046901,,2,/simple_drive,0.100016117096,4559,4561,0.77670867918,3.44842699032e-05,0.000181674957275,State.STOP,simple_drive.py,run,181,/switchs,/rosout,/cmd_vel,/lightsensors
